insert into TIP_SOBA (NAZIV, BR_KREVETA,POSTOJI) values ('Apartman',4,1)
insert into TIP_SOBA (NAZIV, BR_KREVETA,POSTOJI) values ('Dvokrevetna',2,1)
insert into TIP_SOBA (NAZIV, BR_KREVETA,POSTOJI) values ('Jednokrevetna',1,1)
insert into TIP_SOBA (NAZIV, BR_KREVETA,POSTOJI) values ('Trokrevetna',3,1)
insert into TIP_SOBA (NAZIV, BR_KREVETA,POSTOJI) values ('Garsonjera',2,1)
insert into TIP_SOBA (NAZIV, BR_KREVETA,POSTOJI) values ('Dupleks',5,1)

select BROJ,NAZIV,BR_KREVETA,TV,MINI_BAR from SOBA A,TIP_SOBA B where A.TIP_ID = B.ID
select * from TIP_SOBA

insert into SOBA (BROJ,TV,MINI_BAR,TIP_ID,POSTOJI) values (1,0,0,(select id from TIP_SOBA where BR_KREVETA=1),1)
insert into SOBA (BROJ,TV,MINI_BAR,TIP_ID,POSTOJI) values (2,1,0,(select id from TIP_SOBA where BR_KREVETA=4),1)
insert into SOBA (BROJ,TV,MINI_BAR,TIP_ID,POSTOJI) values (3,1,1,(select id from TIP_SOBA where NAZIV='Dvokrevetna'),1)
insert into SOBA (BROJ,TV,MINI_BAR,TIP_ID,POSTOJI) values (4,0,1,(select id from TIP_SOBA where NAZIV='Garsonjera'),1)
insert into SOBA (BROJ,TV,MINI_BAR,TIP_ID,POSTOJI) values (5,1,0,(select id from TIP_SOBA where BR_KREVETA=4),1)
insert into SOBA (BROJ,TV,MINI_BAR,TIP_ID,POSTOJI) values (6,1,1,(select id from TIP_SOBA where BR_KREVETA=5),1)
insert into SOBA (BROJ,TV,MINI_BAR,TIP_ID,POSTOJI) values (7,1,1,(select id from TIP_SOBA where BR_KREVETA=3),1)
insert into SOBA (BROJ,TV,MINI_BAR,TIP_ID,POSTOJI) values (8,1,1,(select id from TIP_SOBA where BR_KREVETA=3),1)
insert into SOBA (BROJ,TV,MINI_BAR,TIP_ID,POSTOJI) values (9,0,0,(select id from TIP_SOBA where BR_KREVETA=1),1)
insert into SOBA (BROJ,TV,MINI_BAR,TIP_ID,POSTOJI) values (10,0,1,(select id from TIP_SOBA where BR_KREVETA=3),1)

insert into KORISNIK (IME,PREZIME,JMBG,KORISNICKO_IME,LOZINKA,TIP_KORISNIKA,POSTOJI) values ('Pavle','Pavlovic','1208987754698','admin','admin',0,1)
insert into KORISNIK (IME,PREZIME,JMBG,KORISNICKO_IME,LOZINKA,TIP_KORISNIKA,POSTOJI) values ('Mirko','Mirkovic','2008548746958','mirko','mirko',1,1)
insert into KORISNIK (IME,PREZIME,JMBG,KORISNICKO_IME,LOZINKA,TIP_KORISNIKA,POSTOJI) values ('Stanko','Stefanovic','1719905967949','stanko','123',0,1)
insert into KORISNIK (IME,PREZIME,JMBG,KORISNICKO_IME,LOZINKA,TIP_KORISNIKA,POSTOJI) values ('Zdravko','Djordjevic','0302989877545','zdravko','123',1,1)
insert into KORISNIK (IME,PREZIME,JMBG,KORISNICKO_IME,LOZINKA,TIP_KORISNIKA,POSTOJI) values ('Pera','Peric','1111985844445','pera','pera',1,1)
insert into KORISNIK (IME,PREZIME,JMBG,KORISNICKO_IME,LOZINKA,TIP_KORISNIKA,POSTOJI) values ('Djordje','Djordjevic','2208977800065','djoki','123',0,1)
insert into KORISNIK (IME,PREZIME,JMBG,KORISNICKO_IME,LOZINKA,TIP_KORISNIKA,POSTOJI) values ('Miroslav','Milosavljevic','2303993855321','miki','123',1,1)
insert into KORISNIK (IME,PREZIME,JMBG,KORISNICKO_IME,LOZINKA,TIP_KORISNIKA,POSTOJI) values ('Djuro','Dejanovic','1711975967949','djuro','123',0,1)
insert into KORISNIK (IME,PREZIME,JMBG,KORISNICKO_IME,LOZINKA,TIP_KORISNIKA,POSTOJI) values ('Igor','Stevic','0312983823577','igor','123',1,1)
insert into KORISNIK (IME,PREZIME,JMBG,KORISNICKO_IME,LOZINKA,TIP_KORISNIKA,POSTOJI) values ('Aleksandar','Brankovic','0111981822235','aca','aca',1,1)

insert into TIP_IZNAJMLJIVANJA (ID, NAZIV) values (1,'Nocenje')
insert into TIP_IZNAJMLJIVANJA (ID, NAZIV) values (2,'Dnevni boravak')

insert into CENOVNIK (TIP_SOBA_ID,TIP_IZNAJMLJIVANJA_ID,CENA,POSTOJI) values (1,1,3500,1)
insert into CENOVNIK (TIP_SOBA_ID,TIP_IZNAJMLJIVANJA_ID,CENA,POSTOJI) values (1,2,2400,1)
insert into CENOVNIK (TIP_SOBA_ID,TIP_IZNAJMLJIVANJA_ID,CENA,POSTOJI) values (2,1,2500,1)
insert into CENOVNIK (TIP_SOBA_ID,TIP_IZNAJMLJIVANJA_ID,CENA,POSTOJI) values (2,2,2200,1)
insert into CENOVNIK (TIP_SOBA_ID,TIP_IZNAJMLJIVANJA_ID,CENA,POSTOJI) values (3,1,2500,1)
insert into CENOVNIK (TIP_SOBA_ID,TIP_IZNAJMLJIVANJA_ID,CENA,POSTOJI) values (3,2,1800,1)
insert into CENOVNIK (TIP_SOBA_ID,TIP_IZNAJMLJIVANJA_ID,CENA,POSTOJI) values (4,1,3200,1)
insert into CENOVNIK (TIP_SOBA_ID,TIP_IZNAJMLJIVANJA_ID,CENA,POSTOJI) values (4,2,2200,1)
insert into CENOVNIK (TIP_SOBA_ID,TIP_IZNAJMLJIVANJA_ID,CENA,POSTOJI) values (5,1,2300,1)
insert into CENOVNIK (TIP_SOBA_ID,TIP_IZNAJMLJIVANJA_ID,CENA,POSTOJI) values (5,2,2100,1)
insert into CENOVNIK (TIP_SOBA_ID,TIP_IZNAJMLJIVANJA_ID,CENA,POSTOJI) values (6,1,4200,1)
insert into CENOVNIK (TIP_SOBA_ID,TIP_IZNAJMLJIVANJA_ID,CENA,POSTOJI) values (6,2,3800,1)

insert into IZNAJMLJIVANJE (SOBA_ID,TIP_IZNAJMLJIVANJA_ID,POCETNI_DATUM,ZAVRSNI_DATUM,POSTOJI) values (3,2,'2015-12-12','2015-12-17',1)
insert into IZNAJMLJIVANJE (SOBA_ID,TIP_IZNAJMLJIVANJA_ID,POCETNI_DATUM,ZAVRSNI_DATUM,POSTOJI) values (2,1,'2015-12-22','2016-1-7',1)
insert into IZNAJMLJIVANJE (SOBA_ID,TIP_IZNAJMLJIVANJA_ID,POCETNI_DATUM,ZAVRSNI_DATUM,POSTOJI) values (1,2,'2015-12-16','2015-12-19',1)
insert into IZNAJMLJIVANJE (SOBA_ID,TIP_IZNAJMLJIVANJA_ID,POCETNI_DATUM,ZAVRSNI_DATUM,POSTOJI) values (6,1,'2015-12-30','2016-1-15',1)
insert into IZNAJMLJIVANJE (SOBA_ID,TIP_IZNAJMLJIVANJA_ID,POCETNI_DATUM,ZAVRSNI_DATUM,POSTOJI) values (3,2,'2015-12-3','2015-12-7',1)
insert into IZNAJMLJIVANJE (SOBA_ID,TIP_IZNAJMLJIVANJA_ID,POCETNI_DATUM,ZAVRSNI_DATUM,POSTOJI) values (9,1,'2015-12-23','2016-1-3',1)
insert into IZNAJMLJIVANJE (SOBA_ID,TIP_IZNAJMLJIVANJA_ID,POCETNI_DATUM,ZAVRSNI_DATUM,POSTOJI) values (10,2,'2016-1-12','2016-1-17',1)
insert into IZNAJMLJIVANJE (SOBA_ID,TIP_IZNAJMLJIVANJA_ID,POCETNI_DATUM,ZAVRSNI_DATUM,POSTOJI) values (8,1,'2015-12-22','2016-1-27',1)
insert into IZNAJMLJIVANJE (SOBA_ID,TIP_IZNAJMLJIVANJA_ID,POCETNI_DATUM,ZAVRSNI_DATUM,POSTOJI) values (3,2,'2016-1-13','2016-1-21',1)
insert into IZNAJMLJIVANJE (SOBA_ID,TIP_IZNAJMLJIVANJA_ID,POCETNI_DATUM,ZAVRSNI_DATUM,POSTOJI) values (4,1,'2016-1-3','2016-1-7',1)


insert into GOST (IME,PREZIME,JMBG,BR_LICNE_KARTE,IZNAJMLJIVANJE_ID,POSTOJI) values ('Stanimir','Stratimirovic','3101990543040','10445854',1,1)
insert into GOST (IME,PREZIME,JMBG,BR_LICNE_KARTE,IZNAJMLJIVANJE_ID,POSTOJI) values ('Dragomir','Stratimirovic','1209994000940','00343655',1,1)

insert into GOST (IME,PREZIME,JMBG,BR_LICNE_KARTE,IZNAJMLJIVANJE_ID,POSTOJI) values ('Dusko','Dukic','3103979544440','19382545',2,1)
insert into GOST (IME,PREZIME,JMBG,BR_LICNE_KARTE,IZNAJMLJIVANJE_ID,POSTOJI) values ('Stevica','Stevicic','0209981000940','03546675',2,1)
insert into GOST (IME,PREZIME,JMBG,BR_LICNE_KARTE,IZNAJMLJIVANJE_ID,POSTOJI) values ('Milica','Milic','3011982543040','11234044',2,1)
insert into GOST (IME,PREZIME,JMBG,BR_LICNE_KARTE,IZNAJMLJIVANJE_ID,POSTOJI) values ('Zivica','Zivic','2212991034402','40033125',2,1)

insert into GOST (IME,PREZIME,JMBG,BR_LICNE_KARTE,IZNAJMLJIVANJE_ID,POSTOJI) values ('Dusan','Dragic','3101981733323','93849201',3,1)

insert into GOST (IME,PREZIME,JMBG,BR_LICNE_KARTE,IZNAJMLJIVANJE_ID,POSTOJI) values ('Miroslav','Dakic','1201988888833','01928374',4,1)
insert into GOST (IME,PREZIME,JMBG,BR_LICNE_KARTE,IZNAJMLJIVANJE_ID,POSTOJI) values ('Predrag','Stevicic','0303977665544','65748392',4,1)
insert into GOST (IME,PREZIME,JMBG,BR_LICNE_KARTE,IZNAJMLJIVANJE_ID,POSTOJI) values ('Duska','Milic','1312989333444','12127645',4,1)
insert into GOST (IME,PREZIME,JMBG,BR_LICNE_KARTE,IZNAJMLJIVANJE_ID,POSTOJI) values ('Slavica','Zivic','1010990321233','00938273',4,1)
insert into GOST (IME,PREZIME,JMBG,BR_LICNE_KARTE,IZNAJMLJIVANJE_ID,POSTOJI) values ('Julija','Dragic','0707991800333','01759364',4,1)

insert into GOST (IME,PREZIME,JMBG,BR_LICNE_KARTE,IZNAJMLJIVANJE_ID,POSTOJI) values ('Dragisa','Milic','1703994844432','94837612',5,1)
insert into GOST (IME,PREZIME,JMBG,BR_LICNE_KARTE,IZNAJMLJIVANJE_ID,POSTOJI) values ('Dragana','Milic','2003994443322','00773948',5,1)

insert into GOST (IME,PREZIME,JMBG,BR_LICNE_KARTE,IZNAJMLJIVANJE_ID,POSTOJI) values ('Petar','Djurovic','0901944330004','00003901',6,1)

insert into GOST (IME,PREZIME,JMBG,BR_LICNE_KARTE,IZNAJMLJIVANJE_ID,POSTOJI) values ('Natasa','Zivanovic','0303994770098','94837612',7,1)
insert into GOST (IME,PREZIME,JMBG,BR_LICNE_KARTE,IZNAJMLJIVANJE_ID,POSTOJI) values ('Danijela','Stefanovic','2809994832180','00773948',7,1)
insert into GOST (IME,PREZIME,JMBG,BR_LICNE_KARTE,IZNAJMLJIVANJE_ID,POSTOJI) values ('Radovan','Nemanjic','3105995843943','00003901',7,1)

insert into GOST (IME,PREZIME,JMBG,BR_LICNE_KARTE,IZNAJMLJIVANJE_ID,POSTOJI) values ('Dragan','Radovic','0303994770098','00044541',8,1)
insert into GOST (IME,PREZIME,JMBG,BR_LICNE_KARTE,IZNAJMLJIVANJE_ID,POSTOJI) values ('Stanislav','Radovic','0303994770099','00044542',8,1)
insert into GOST (IME,PREZIME,JMBG,BR_LICNE_KARTE,IZNAJMLJIVANJE_ID,POSTOJI) values ('Arandjel','Petrovic','0311992344454','11122345',8,1)

insert into GOST (IME,PREZIME,JMBG,BR_LICNE_KARTE,IZNAJMLJIVANJE_ID,POSTOJI) values ('Nikolina','Simic','0312996909329','00044542',9,1)
insert into GOST (IME,PREZIME,JMBG,BR_LICNE_KARTE,IZNAJMLJIVANJE_ID,POSTOJI) values ('Nemanja','Djordjevic','0311994322542','11122345',9,1)

insert into GOST (IME,PREZIME,JMBG,BR_LICNE_KARTE,IZNAJMLJIVANJE_ID,POSTOJI) values ('Ivana','Petrovic','1706993847321','91748263',10,1)
insert into GOST (IME,PREZIME,JMBG,BR_LICNE_KARTE,IZNAJMLJIVANJE_ID,POSTOJI) values ('Zeljko','Zecevic','2404993849021','98762343',10,1)


select A.ID,POCETNI_DATUM,ZAVRSNI_DATUM, B.BROJ as BrojSobe, C.BR_KREVETA From IZNAJMLJIVANJE A, SOBA B, TIP_SOBA C
	where A.SOBA_ID = B.ID and B.TIP_ID = C.ID